---
title: 连接查询
date: 2020-04-10 11:42:27
tags:
- MySQL
- 个人博客
categories:
- MySQL
---

## **什么是连接查询？**

在实际开发中，大部分情况下都不是从单表中查询数据，一般都是多张表联合查询取出最终的结果。在实际开发中，一般一个业务都会对应多张表。比如：我们之前一直使用`student_info`和`student_score`两个表来分别存储学生的基本信息和学生的成绩信息，其实合并成一张表也不是不可以，假设将两张表合并后的新表名称为`student_merge`。`student_merge`中的每行记录可能是一个人的多条信息（因为一个人有多个成绩）。由于一个学生可能会有很多门学科的成绩信息，也就是说每当我们想为一个学生增加一门学科的成绩信息时，我们必须把他的基本信息再抄一遍，这种同一个学生的基本信息被冗余存储会带来下边的问题：

- **问题一：浪费存储空间**。
- **问题二：当修改某个学生的基本信息时必须修改多处，很容易造成信息的不一致，增大维护的困难。**

所以为了尽可能少的存储冗余信息，一开始我们就把这个所谓的`student_merge`表拆分成了`student_info`和`student_score`表，但是这两张表之间有某种关系作为纽带，这里的`某种关系`指的就是两个表都拥有的`number`列。**拆分之后的表的确解决了数据冗余问题，但是查询数据却成了一个问题。**



## 连接查询的分类

- **根据语法出现的年代来划分**，包括：
  - SQL92：一些老的DBA（数据库管理员）可能还在使用这种语法
  - SQL99：比较新的语法
- **根据表的连接方式来划分**，包括：
  - 内连接
    - 等值连接
    - 非等值连接
    - 自连接
  - 外连接
    - 左外连接（又称为左连接）
    - 右外连接（又称为右连接）
  - 全连接：很少很少用



## 连接查询引入

这里首先导入三张表，本节的内容全部是基于这三张表的：

- **员工信息表emp**：字段从左到右依次为员工编号、员工姓名、职位、上级领导编号、入职日期、工资、补贴、部门编号

```mysql
mysql> select * from emp;
+-------+--------+-----------+------+------------+---------+---------+--------+
| EMPNO | ENAME  | JOB       | MGR  | HIREDATE   | SAL     | COMM    | DEPTNO |
+-------+--------+-----------+------+------------+---------+---------+--------+
|  7369 | SMITH  | CLERK     | 7902 | 1980-12-17 |  800.00 |    NULL |     20 |
|  7499 | ALLEN  | SALESMAN  | 7698 | 1981-02-20 | 1600.00 |  300.00 |     30 |
|  7521 | WARD   | SALESMAN  | 7698 | 1981-02-22 | 1250.00 |  500.00 |     30 |
|  7566 | JONES  | MANAGER   | 7839 | 1981-04-02 | 2975.00 |    NULL |     20 |
|  7654 | MARTIN | SALESMAN  | 7698 | 1981-09-28 | 1250.00 | 1400.00 |     30 |
|  7698 | BLAKE  | MANAGER   | 7839 | 1981-05-01 | 2850.00 |    NULL |     30 |
|  7782 | CLARK  | MANAGER   | 7839 | 1981-06-09 | 2450.00 |    NULL |     10 |
|  7788 | SCOTT  | ANALYST   | 7566 | 1987-04-19 | 3000.00 |    NULL |     20 |
|  7839 | KING   | PRESIDENT | NULL | 1981-11-17 | 5000.00 |    NULL |     10 |
|  7844 | TURNER | SALESMAN  | 7698 | 1981-09-08 | 1500.00 |    0.00 |     30 |
|  7876 | ADAMS  | CLERK     | 7788 | 1987-05-23 | 1100.00 |    NULL |     20 |
|  7900 | JAMES  | CLERK     | 7698 | 1981-12-03 |  950.00 |    NULL |     30 |
|  7902 | FORD   | ANALYST   | 7566 | 1981-12-03 | 3000.00 |    NULL |     20 |
|  7934 | MILLER | CLERK     | 7782 | 1982-01-23 | 1300.00 |    NULL |     10 |
+-------+--------+-----------+------+------------+---------+---------+--------+
14 rows in set (0.01 sec)
```

- **部门信息表dept**：字段从左到右依次为部门编号、部门名称、部门位置

```mysql
mysql> select * from dept;
+--------+------------+----------+
| DEPTNO | DNAME      | LOC      |
+--------+------------+----------+
|     10 | ACCOUNTING | NEW YORK |
|     20 | RESEARCH   | DALLAS   |
|     30 | SALES      | CHICAGO  |
|     40 | OPERATIONS | BOSTON   |
+--------+------------+----------+
4 rows in set (0.01 sec)
```

- **薪资登记表salgrade**：字段从左到右依次为薪资等级、该等级最低薪资、该等级最高薪资

```mysql
mysql> select * from salgrade;
+-------+-------+-------+
| GRADE | LOSAL | HISAL |
+-------+-------+-------+
|     1 |   700 |  1200 |
|     2 |  1201 |  1400 |
|     3 |  1401 |  2000 |
|     4 |  2001 |  3000 |
|     5 |  3001 |  9999 |
+-------+-------+-------+
5 rows in set (0.00 sec)
```



下面我们来个案例分析一下：**找出每一个员工的部门名称，要求显示员工名和部门名**。员工表中只有部门编号，没有部门名称。部门名称只存在于部门信息表中。下面我们先写一个连接查询语句（在`MySQL`中，**连接查询的语法也很随意，只要在`FROM`语句后边跟多个用逗号`,`隔开的表名就好了**）。

连接查询的语法较为简单：

```mysql
/*查询列表处的*代表从FROM语句后列出的表中选取每个列*/
mysql> select * from emp,dept;

/*上面那种写法等效于下面这种写法*/
mysql> select emp.*,dept.* from emp,dept;

/*如果只想查询出部分列*/
/*如果两个表中没有同名字段，可以这么查(但无论是否重名，建议加上表名，这样执行效率较高)*/
mysql> select ename,sal,dname from emp,dept;
/*如果两个表中有同名字段，可以这么查*/
mysql> select emp.ename,emp.sal,dept.dname from emp,dept;
```



在表的连接查询方面有一种现象被称为：**笛卡尔积现象**。

举个例子：

```mysql
mysql> select ename,dname from emp,dept;
```

最终上述语句会有56条查询结果：

```mysql
+--------+------------+
| ename  | dname      |
+--------+------------+
| SMITH  | ACCOUNTING |
| SMITH  | RESEARCH   |
| SMITH  | SALES      |
| SMITH  | OPERATIONS |
| ALLEN  | ACCOUNTING |
| ALLEN  | RESEARCH   |
| ALLEN  | SALES      |
| ALLEN  | OPERATIONS |
| WARD   | ACCOUNTING |
| WARD   | RESEARCH   |
| WARD   | SALES      |
| WARD   | OPERATIONS |
| JONES  | ACCOUNTING |
| JONES  | RESEARCH   |
| JONES  | SALES      |
| JONES  | OPERATIONS |
| MARTIN | ACCOUNTING |
| MARTIN | RESEARCH   |
| MARTIN | SALES      |
| MARTIN | OPERATIONS |
| BLAKE  | ACCOUNTING |
| BLAKE  | RESEARCH   |
| BLAKE  | SALES      |
| BLAKE  | OPERATIONS |
| CLARK  | ACCOUNTING |
| CLARK  | RESEARCH   |
| CLARK  | SALES      |
| CLARK  | OPERATIONS |
| SCOTT  | ACCOUNTING |
| SCOTT  | RESEARCH   |
| SCOTT  | SALES      |
| SCOTT  | OPERATIONS |
| KING   | ACCOUNTING |
| KING   | RESEARCH   |
| KING   | SALES      |
| KING   | OPERATIONS |
| TURNER | ACCOUNTING |
| TURNER | RESEARCH   |
| TURNER | SALES      |
| TURNER | OPERATIONS |
| ADAMS  | ACCOUNTING |
| ADAMS  | RESEARCH   |
| ADAMS  | SALES      |
| ADAMS  | OPERATIONS |
| JAMES  | ACCOUNTING |
| JAMES  | RESEARCH   |
| JAMES  | SALES      |
| JAMES  | OPERATIONS |
| FORD   | ACCOUNTING |
| FORD   | RESEARCH   |
| FORD   | SALES      |
| FORD   | OPERATIONS |
| MILLER | ACCOUNTING |
| MILLER | RESEARCH   |
| MILLER | SALES      |
| MILLER | OPERATIONS |
+--------+------------+
56 rows in set (0.01 sec)
```

上面的连接查询结果显然是不符合要求的！因为一个人只会有一个部门，而上面一个人有四个部门，这显然是不可以的！



`连接`的本质就是**把各个表中的记录都取出来，依次匹配的组合加入结果集并返回给用户**。上述查询结果看起来就是把emp表的记录和dept表的记录连接起来组成新的更大的记录，**这个查询过程称之为连接查询**。连接查询的结果集中包含一个表中的每一个记录与另一个表中的每一条记录相互匹配的结果，像这样的结果集就可以称之为`笛卡尔积`。

那么什么是**笛卡尔积现象**呢：**当两张表进行连接查询的时候，没有任何条件进行限制，最终的查询结果是两张表记录条数的乘积！**

**上面连接查询的内部过程**：在emp表中取出一条记录和dept表的每条记录依次组合，这样的话emp中的一条记录会组合成四条记录。这样最终查询结束后会有14*4=56条记录，这就是笛卡尔积现象



如果我们乐意，我们可以连接任意数量张表，但是如果没有任何限制条件的话，这些表连接起来产生的`笛卡尔积`可能是非常巨大的。比方说3个100行记录的表连接起来产生的`笛卡尔积`就有`100×100×100=1000000`行数据！所以在连接的时候过滤掉特定记录组合是有必要的



## 关于表的别名

对于上面那个案例中的连接查询语句：

```mysql
mysql> select ename,dname from emp,dept;
```

上述语句肯定能查出来结果，没有问题！**但是我们要注意：它只是恰巧两个表中没有重复的字段名，如果emp和dept中都有ename，那该查询哪一个呢？**比如有两个表t1和t2，表t1中有字段m1,n1；表t2中有m1,n2，其中两个表有同名字段m1。现在要连接查询t1的m1和t2的n2的话，就不能用上面那种方法了，必须显示地表示出来：

```mysql
mysql> select t1.m1,t2.n2 from t1,t2;
```

如果表名特别长的情况下，可以为表来定义别名，让语句表达更清晰一些。

表的别名语法：**AS跟列别名一样，可以省略**

```mysql
mysql>select e.ename,d.dname from emp as e,dept as d;
```

表的别名有以下优点：

- **执行效率高**：对于select ename,dname from emp,dept;这条连接查询语句而言，在找ename的时候既会去emp中找ename，也会去dept中找ename，这样效率较低。
- **可读性好**

所以这里我们强调一下：**连接查询一定要用表别名，这是一种好习惯！**

这里一定要注意一点：**如果使用别名来代表一个表，那么在定义别名后的所有查询语句中，都必须使用别名来代表表的全名，否则系统会出错**。



## 怎么避免笛卡尔积现象

当然是**加条件进行过滤！**

这里问个问题：**避免了笛卡尔积现象，会减少记录的匹配次数么？**

**答案**：不会！上面的匹配次数还是56次，只不过显示的是有效记录。所以执行效率并没有提高



现在对于上面那个案例：**找出每一个员工的部门名称，要求显示员工名和部门名**。怎么解决呢？

```mysql
mysql> select e.ename,d.dname from emp as e,dept as d where e.deptno = d.deptno;
+--------+------------+
| ename  | dname      |
+--------+------------+
| SMITH  | RESEARCH   |
| ALLEN  | SALES      |
| WARD   | SALES      |
| JONES  | RESEARCH   |
| MARTIN | SALES      |
| BLAKE  | SALES      |
| CLARK  | ACCOUNTING |
| SCOTT  | RESEARCH   |
| KING   | ACCOUNTING |
| TURNER | SALES      |
| ADAMS  | RESEARCH   |
| JAMES  | SALES      |
| FORD   | RESEARCH   |
| MILLER | ACCOUNTING |
+--------+------------+
14 rows in set (0.00 sec)
```

**上述代码就解决了我们的需求，避免了笛卡尔积现象！但是匹配此时还是56次，只不过是4选1。**但是上面的语法是**SQL92**语法，已经过时了，我们一般不用它了，哈哈哈！别急，我们下面来讲**SQL99（下面的内连接和外连接都是基于SQL99来讲的）**！SQL99中的连接查询也可以称为join on语法



## 内连接

### 等值连接

最大的特点是：**连接条件中的关系是等量关系（等号=）**

**需求**：**找出每一个员工的部门名称，要求显示员工名和部门名**

```mysql
mysql> select e.ename,d.dname from emp as e join dept as d on e.deptno = d.deptno;
```

注意上述语句和SQL92语句的区别！

上面的语句还可以写成：

```mysql
mysql> select e.ename,d.dname from emp as e inner join dept as d on e.deptno = d.deptno;
```

它们的区别是：**下面的语句在join前多了一个inner，代表内连接。inner可以省略，带上inner之后可读性更好！**



**为什么一定要用SQL99呢？因为它优秀呀**：

- SQL99表连接条件ON和进行数据过滤的条件where**分离**了。SQL92中把表连接条件和数据过滤条件全部融合在where中，语法结构不清晰；但是对于SQL99，表连接条件就在ON，数据过滤条件就在where，语法十分清晰



### 非等值连接

最大的特点：**连接条件中的关系是非等量关系**

再来个需求：**找出每个员工的工资等级，要求显示员工名、工资和工资等级**

上面需求的连接条件：emp表中员工的薪资sal，在salgrade表中薪资等级对应的最低和最高工资之间。

根据上述条件，可以这么写

```mysql
mysql> select e.ename,e.sal,s.grade from emp as e join salgrade as s on e.sal between s.losal and s.hisal;
+--------+---------+-------+
| ename  | sal     | grade |
+--------+---------+-------+
| SMITH  |  800.00 |     1 |
| ALLEN  | 1600.00 |     3 |
| WARD   | 1250.00 |     2 |
| JONES  | 2975.00 |     4 |
| MARTIN | 1250.00 |     2 |
| BLAKE  | 2850.00 |     4 |
| CLARK  | 2450.00 |     4 |
| SCOTT  | 3000.00 |     4 |
| KING   | 5000.00 |     5 |
| TURNER | 1500.00 |     3 |
| ADAMS  | 1100.00 |     1 |
| JAMES  |  950.00 |     1 |
| FORD   | 3000.00 |     4 |
| MILLER | 1300.00 |     2 |
+--------+---------+-------+
14 rows in set (0.00 sec)
```



### 自连接

最大的特点是：**一张表硬看成两张表，自己连接自己，且一定要用表别名**

**其实自连接既可以是内连接，也可以是外连接，它本质上还是两张表的连接，只不过自连接的两张表是同一张表**

**需求：找出每个员工的上级领导，要求显示员工名和对应的领导名**

所有员工（有的员工是领导）的信息都在员工信息表emp中，每个员工有对应的上级领导编号，而这个上级领导编号也是该领导的员工编号，这里好像有点绕~，但自己要理解一下

**员工的上级领导编号 = 领导的员工编号**（这句话一定要理解）

所以这里我们可以认为有两张表，它们都是emp表，分别取别名a和b，我们自己可以认为a是员工表，b是领导表（a和b本质上是同一张表）

SQL语句该这么写：

```mysql
mysql>select a.ename as '员工',b.ename as '领导' from emp as a join emp as b on a.mgr = b.empno;
+--------+-------+
| ename  | ename |
+--------+-------+
| SMITH  | FORD  |
| ALLEN  | BLAKE |
| WARD   | BLAKE |
| JONES  | KING  |
| MARTIN | BLAKE |
| BLAKE  | KING  |
| CLARK  | KING  |
| SCOTT  | JONES |
| TURNER | BLAKE |
| ADAMS  | SCOTT |
| JAMES  | BLAKE |
| FORD   | JONES |
| MILLER | CLARK |
+--------+-------+
13 rows in set (0.01 sec)
```

**注意**：**为什么上面的结果只有**13条记录呢？明明这个公司有14个人呀！仔细观察emp表可以发现，KING这个员工没有上级领导，他对应的上级领导编号为NULL，所以这里匹配不到！

**注意：表的自连接既可以是等值连接，也可以是非等值连接**



## 外连接

**什么是外连接？和内连接有什么区别？**

内连接：

​		假设A和B表进行连接，使用**内连接**的话，凡是A表和B表能够匹配上的记录查询出来

​		A表和B表没有主副之分，两张表是平等的

​		**对于内连接的两个表，如果A表中的记录在B表中找不到匹配的记录，该记录不会加入到最后的结果集**

外连接：

​		假设A和B表进行连接，使用**外连接**的话，A、B两张表中有一张表是主表，一张表是副表，主要查询主表中的数据，捎带着查询副表。当副表中的数据没有和主表中的数据匹配上，副表自动模拟出NULL与之匹配

​		**对于外连接的两个表，主表中的记录即使在副表中没有匹配的记录，也仍然需要加入到结果集，只不过该记录中对应的副表中的字段全部自动赋值为NULL**



**外连接的分类**

- 左外连接：表示左边的表是主表
- 右外连接：表示右边的表是主表
- **任何一个左连接都有一个右连接的写法，任何一个右连接都有一个左连接的写法**

​		

### 左连接

**需求：找出每个员工的上级领导，要求显示员工名和对应的领导名**

上面用内连接解决这个需求的时候，只查出了13条记录，KING的员工记录不存在于最终的结果集中，这是不符合需求的。**如果我们想查出全部14个员工的记录呢，此时就需要用外连接！**

SQL语句怎么写？

```mysql
mysql> select a.ename as '员工',b.ename as '领导' from emp as a left join emp as b on a.mgr = b.empno;
+--------+-------+
| 员工    | 领导  |
+--------+-------+
| SMITH  | FORD  |
| ALLEN  | BLAKE |
| WARD   | BLAKE |
| JONES  | KING  |
| MARTIN | BLAKE |
| BLAKE  | KING  |
| CLARK  | KING  |
| SCOTT  | JONES |
| KING   | NULL  |
| TURNER | BLAKE |
| ADAMS  | SCOTT |
| JAMES  | BLAKE |
| FORD   | JONES |
| MILLER | CLARK |
+--------+-------+
14 rows in set (0.00 sec)
```

注意和内连接的区别，现在就是有14条记录了，KING对应的领导是NULL。**由于我们想对所有的员工都有记录，所以要将a设置为主表，因此采用左连接。**

注意：上面的左连接语句也是省略写法，完整写法是：

```mysql
mysql> select a.ename as '员工',b.ename as '领导' from emp as a left  join emp as b on a.mgr = b.empno;
```

**outer可以省略**



### 右连接

需求和上面一样，右连接写法如下：

```mysql
mysql> select a.ename as '员工',b.ename as '领导' from emp as b right join emp as a on a.mgr = b.empno;
+--------+-------+
| 员工   | 领导  |
+--------+-------+
| SMITH  | FORD  |
| ALLEN  | BLAKE |
| WARD   | BLAKE |
| JONES  | KING  |
| MARTIN | BLAKE |
| BLAKE  | KING  |
| CLARK  | KING  |
| SCOTT  | JONES |
| KING   | NULL  |
| TURNER | BLAKE |
| ADAMS  | SCOTT |
| JAMES  | BLAKE |
| FORD   | JONES |
| MILLER | CLARK |
+--------+-------+
14 rows in set (0.00 sec)
```

**任何一个左连接都有一个右连接的写法，任何一个右连接都有一个左连接的写法**

上面的右连接完整写法是：

```mysql
mysql> select a.ename as '员工',b.ename as '领导' from emp as b right outer join emp as a on a.mgr = b.empno;
```

**outer可以省略**

**区分内连接和外连接，不是靠的outer或inner，而是right或left。省略后，只要没有left或right一定是内连接；只要有了right或left一定是外连接**

**实际开发中，外连接使用居多！！！**因为内连接可能存在数据丢失！！！



**外连接最重要的特点是：主表的数据无条件的全部查询出来**



下面来个需求测试一下学习结果：**找出哪个部门没有员工，并显示出该部门的信息**

用外连接来写

```mysql
mysql> select d.* from dept as d left join emp as e on d.deptno = e.deptno where e.ename is NULL;
+--------+------------+--------+
| DEPTNO | DNAME      | LOC    |
+--------+------------+--------+
|     40 | OPERATIONS | BOSTON |
+--------+------------+--------+
1 row in set (0.00 sec)
```



## 多表连接查询

多表连接查询语法：

```mysql
mysql> select * from A join B on 连接条件1 join C on 连接条件2;
```

上面语法的解释：**A先跟B连接查询（这里内连接、外连接均可），利用连接条件1进行筛选，这样A和B连接查询结果集中会有一个结果；然后这个结果再跟C表进行连接查询，利用连接条件2进行筛选。**



**需求：找出每一个员工的部门名称以及工资等级**

```mysql
mysql> select e.ename,d.dname,s.grade from emp as e join dept as d on e.deptno = d.deptno join salgrade as s on e.sal between s.losal and s.hisal;
+--------+------------+-------+
| ename  | dname      | grade |
+--------+------------+-------+
| SMITH  | RESEARCH   |     1 |
| ALLEN  | SALES      |     3 |
| WARD   | SALES      |     2 |
| JONES  | RESEARCH   |     4 |
| MARTIN | SALES      |     2 |
| BLAKE  | SALES      |     4 |
| CLARK  | ACCOUNTING |     4 |
| SCOTT  | RESEARCH   |     4 |
| KING   | ACCOUNTING |     5 |
| TURNER | SALES      |     3 |
| ADAMS  | RESEARCH   |     1 |
| JAMES  | SALES      |     1 |
| FORD   | RESEARCH   |     4 |
| MILLER | ACCOUNTING |     2 |
+--------+------------+-------+
14 rows in set (0.00 sec)
```



下面对上面的需求升级难度：**找出每一个员工的部门名称、工资等级以及上级领导姓名**

这个时候其实是四个表相连，而上面那个需求是三个表相连，并且这个要用到外连接。其实这个需求只需要在上个需求的基础上再连接一个表即可（自连接且左连接，注意left的位置不能放到前面的join，因为这里代表e和e1外连接，所以只能放在最后一个join前面）

```mysql
mysql> select e.ename as '员工',d.dname,s.grade,e1.ename as '领导' from emp as e join dept as d on e.deptno = d.deptno join salgrade as s on e.sal between s.losal and s.hisal left join emp as e1 on e.mgr = e1.empno;
+--------+------------+-------+-------+
| 员工   | dname      | grade | 领导  |
+--------+------------+-------+-------+
| SMITH  | RESEARCH   |     1 | FORD  |
| ALLEN  | SALES      |     3 | BLAKE |
| WARD   | SALES      |     2 | BLAKE |
| JONES  | RESEARCH   |     4 | KING  |
| MARTIN | SALES      |     2 | BLAKE |
| BLAKE  | SALES      |     4 | KING  |
| CLARK  | ACCOUNTING |     4 | KING  |
| SCOTT  | RESEARCH   |     4 | JONES |
| KING   | ACCOUNTING |     5 | NULL  |
| TURNER | SALES      |     3 | BLAKE |
| ADAMS  | RESEARCH   |     1 | SCOTT |
| JAMES  | SALES      |     1 | BLAKE |
| FORD   | RESEARCH   |     4 | JONES |
| MILLER | ACCOUNTING |     2 | CLARK |
+--------+------------+-------+-------+
14 rows in set (0.00 sec)
```

